,classType,procname,low_0_sysname,low_0_blob_tid,low_0_blob_status,low_0_blob_pid,low_0_type,low_0_id,low_0_ts,tid,class
0,10,com.topteam.flashlight,exit,1181,0,1163,SYSCALL,1104,1545638796.621,1163,TERMINATE_THREAD
1,10,com.topteam.flashlight,exit,1183,0,1163,SYSCALL,1296,1545638797.707,1163,TERMINATE_THREAD
2,10,com.topteam.flashlight,exit,1184,0,1163,SYSCALL,1327,1545638797.708,1163,TERMINATE_THREAD
3,10,com.topteam.flashlight,exit,1204,0,1163,SYSCALL,1692,1545638799.29,1163,TERMINATE_THREAD
4,10,com.topteam.flashlight,exit,1219,0,1163,SYSCALL,2877,1545638799.39,1163,TERMINATE_THREAD
5,10,com.topteam.flashlight,exit,1189,0,1163,SYSCALL,2924,1545638799.39,1163,TERMINATE_THREAD
6,10,com.topteam.flashlight,exit,1222,0,1163,SYSCALL,3381,1545638799.43,1163,TERMINATE_THREAD
7,10,com.topteam.flashlight,exit,1224,0,1163,SYSCALL,3512,1545638799.44,1163,TERMINATE_THREAD
8,10,com.topteam.flashlight,exit,1238,0,1163,SYSCALL,14469,1545638803.413,1163,TERMINATE_THREAD
9,10,com.topteam.flashlight,exit,1239,0,1163,SYSCALL,14569,1545638803.414,1163,TERMINATE_THREAD
10,10,com.topteam.flashlight,exit,1223,0,1163,SYSCALL,21593,1545638805.520,1163,TERMINATE_THREAD
11,10,com.topteam.flashlight,exit,1243,0,1163,SYSCALL,21954,1545638805.523,1163,TERMINATE_THREAD
12,10,com.topteam.flashlight,exit,1232,0,1163,SYSCALL,23223,1545638806.574,1163,TERMINATE_THREAD
13,10,com.topteam.flashlight,exit,1245,0,1163,SYSCALL,23560,1545638806.585,1163,TERMINATE_THREAD
14,10,com.topteam.flashlight,exit,1244,0,1163,SYSCALL,23576,1545638806.585,1163,TERMINATE_THREAD
15,10,com.topteam.flashlight,exit,1249,0,1163,SYSCALL,24332,1545638813.645,1163,TERMINATE_THREAD
16,10,com.topteam.flashlight,exit,1271,0,1163,SYSCALL,25803,1545638831.939,1163,TERMINATE_THREAD
